Ürün Adı,Fiyat (TL)
"Airfryer, 0.8kg, 4.1L Kapasiteli Hazne, Siyah, HD9243/90",1849.0
Akıllı Fritöz 7.3 Litre Xxl Air Fryer,1799.0
M25 Maxifry Pro Akıllı Fritöz,1599.0
"4,5litre 1500w , Yağsız Fritöz",1434.0
Smart Dokunmatik Airfryer Sıcak Hava Fritöz Beyaz(YUI TURKİYE GARANTİLİ),1599.0
"Zamanlayıcılı Fritöz XL 3,2L",5450.0
8 Programlı LCD Ekranlı 4.5 L Sepet Kapasiteli Sıcak Hava Fritözü,2373.0
Screen Geniş Hazne Inox Airfryer,2098.99
Çelik LED Dijital Göstergeli Tepsili Oven Airfryer/Fritöz,5559.0
"Airtasty XL Yağsız Fritöz Airfryer, 6 Litre Kapasite, Gümüş",2065.84
Sıcak Hava Fritözü - AF180EU - Shark Ninja,9999.0
Fritöz Morondi Yeşil,847.0
Airfryer Çok Fonksiyonlu Süre Ayarlı 13 Litre Xxxl Sıcak Hava Fritözü Af-01,3890.0
Şeffaf Hazne Yağsız Fritöz Airfryer,2351.76
Essential Fritöz,2156.62
Airfryer Çok Fonksiyonlu Süre Ayarlı 13 Litre Xxxl Sıcak Hava Fritözü Af-01,3890.0
